{"current_epoch": 3, "training_losses": [0.006822018418461084, 0.0043456400744616985, 0.008036657236516476], "validation_losses": [0.0039052667561918497], "train_av_time": 106.21253383159637, "val_av_time": 198.106614112854, "total_time": 0.1062953097290463, "best_val_loss": 0.0039052667561918497, "test_loss": 0}